valid,tmpf,p01i,relh,sknt,tmp_c,Td,P_mm,cumm_prec,HP_fresh_snow,snowfall,cummulative_snowfall,month
2023-10-27T00:56:00Z,19,0.01,87.87,0.00,-7.222222222222222,-9.648222222222222,0.245,0.245,71.07255372113457,3.4471816077033024,3.4471816077033024,Oct
2023-10-28T02:56:00Z,14,0.01,83.77,0.00,-10,-13.246,0.245,0.49,68.9986516155818,3.550794026599097,6.997975634302399,Oct
2023-11-02T08:56:00Z,28,0.02,92.08,0.00,-2.2222222222222223,-3.806222222222223,0.49,0.98,89.65045559050863,5.465672168339507,12.463647802641907,Nov
2023-11-02T09:56:00Z,30,0.02,88.44,0.00,-1.1111111111111112,-3.4231111111111114,0.49,1.47,101.29193205395168,4.8375027513445845,17.301150553986492,Nov
2023-11-02T10:56:00Z,30,0.04,92.15,0.00,-1.1111111111111112,-2.68111111111111,0.98,2.45,101.29193205395168,9.675005502689169,26.97615605667566,Nov
2023-11-02T11:56:00Z,31,0.03,92.19,0.00,-0.5555555555555556,-2.117555555555556,0.735,3.185,109.27591273040682,6.726093442141352,33.70224949881701,Nov
2023-11-02T19:56:00Z,31,0.04,96.02,0.00,-0.5555555555555556,-1.3515555555555565,0.98,4.165,109.27591273040682,8.968124589521802,42.67037408833881,Nov
2023-11-08T05:56:00Z,19,0.01,87.87,0.00,-7.222222222222222,-9.648222222222222,0.245,4.41,71.07255372113457,3.4471816077033024,46.11755569604212,Nov
2023-11-10T09:56:00Z,25,0.01,71.22,0.00,-3.8888888888888893,-9.64488888888889,0.245,4.655,79.33826329041156,3.088043395948768,49.205599091990884,Nov
2023-11-19T01:56:00Z,28,0.01,92.08,0.00,-2.2222222222222223,-3.806222222222223,0.245,4.9,89.65045559050863,2.7328360841697537,51.93843517616064,Nov
2023-11-19T02:56:00Z,28,0.01,92.08,0.00,-2.2222222222222223,-3.806222222222223,0.245,5.145,89.65045559050863,2.7328360841697537,54.67127126033039,Nov
2023-11-19T05:56:00Z,28,0.02,95.97,0.00,-2.2222222222222223,-3.0282222222222224,0.49,5.635,89.65045559050863,5.465672168339507,60.136943428669895,Nov
2023-11-19T06:56:00Z,29,0.03,92.12,0.00,-1.6666666666666667,-3.2426666666666657,0.735,6.37,94.84930165206421,7.74913454498802,67.88607797365792,Nov
2023-12-01T08:56:00Z,17,0.01,83.98,0.00,-8.333333333333334,-11.537333333333333,0.245,6.615,69.97281577713434,3.501359739192615,71.38743771285053,Dec
2023-12-01T09:56:00Z,20,0.01,77.16,0.00,-6.666666666666667,-11.234666666666667,0.245,6.859999999999999,71.82677819786949,3.410984122454585,74.79842183530512,Dec
2023-12-03T15:56:00Z,23,0.02,84.39,0.00,-5,-8.122,0.49,7.35,75.35511232588772,6.5025448821693805,81.3009667174745,Dec
2023-12-03T16:56:00Z,22,0.02,88.02,0.00,-5.555555555555555,-7.951555555555556,0.49,7.84,73.91972402907676,6.628812626617162,87.92977934409166,Dec
2023-12-03T17:56:00Z,22,0.05,88.02,0.00,-5.555555555555555,-7.951555555555556,1.225,9.065,73.91972402907676,16.572031566542904,104.50181091063456,Dec
2023-12-04T04:56:00Z,28,0.01,88.33,0.00,-2.2222222222222223,-4.556222222222223,0.245,9.31,89.65045559050863,2.7328360841697537,107.23464699480432,Dec
2023-12-07T02:56:00Z,28,0.02,92.08,0.00,-2.2222222222222223,-3.806222222222223,0.49,9.8,89.65045559050863,5.465672168339507,112.70031916314383,Dec
2023-12-07T03:56:00Z,29,0.03,92.12,0.00,-1.6666666666666667,-3.2426666666666657,0.735,10.535,94.84930165206421,7.74913454498802,120.44945370813184,Dec
2023-12-07T04:56:00Z,29,0.02,92.12,0.00,-1.6666666666666667,-3.2426666666666657,0.49,11.025,94.84930165206421,5.166089696658679,125.61554340479053,Dec
2023-12-08T03:56:00Z,18,0.05,91.72,0.00,-7.777777777777779,-9.43377777777778,1.225,12.25,70.46393632330069,17.38477956127073,143.00032296606125,Dec
2023-12-08T04:56:00Z,16,0.02,91.64,0.00,-8.88888888888889,-10.56088888888889,0.49,12.74,69.57650868547844,7.042606897897848,150.0429298639591,Dec
2023-12-08T05:56:00Z,18,0.02,91.72,0.00,-7.777777777777779,-9.43377777777778,0.49,13.23,70.46393632330069,6.9539118245082925,156.99684168846738,Dec
2023-12-08T06:56:00Z,18,0.03,91.72,0.00,-7.777777777777779,-9.43377777777778,0.735,13.965,70.46393632330069,10.430867736762437,167.42770942522984,Dec
2023-12-08T07:56:00Z,19,0.04,91.76,0.00,-7.222222222222222,-8.870222222222221,0.98,14.945,71.07255372113457,13.78872643081321,181.21643585604303,Dec
2023-12-08T08:56:00Z,19,0.01,91.76,0.00,-7.222222222222222,-8.870222222222221,0.245,15.19,71.07255372113457,3.4471816077033024,184.66361746374633,Dec
2023-12-08T09:56:00Z,22,0.01,84.33,0.00,-5.555555555555555,-8.689555555555556,0.245,15.435,73.91972402907676,3.314406313308581,187.97802377705491,Dec
2023-12-10T00:56:00Z,13,0.03,83.7,0.00,-10.555555555555555,-13.815555555555555,0.735,16.17,68.79041213815636,10.68462852822935,198.66265230528427,Dec
2023-12-10T01:56:00Z,13,0.02,80.02,0.00,-10.555555555555555,-14.551555555555556,0.49,16.66,68.79041213815636,7.123085685486234,205.7857379907705,Dec
2023-12-10T05:56:00Z,14,0.01,76.58,0.00,-10,-14.684000000000001,0.245,16.905,68.9986516155818,3.550794026599097,209.3365320173696,Dec
2023-12-10T10:56:00Z,18,0.01,80.44,0.00,-7.777777777777779,-11.68977777777778,0.245,17.15,70.46393632330069,3.4769559122541462,212.81348792962376,Dec
2023-12-10T18:56:00Z,19,0.02,87.87,0.00,-7.222222222222222,-9.648222222222222,0.49,17.64,71.07255372113457,6.894363215406605,219.70785114503036,Dec
2023-12-10T19:56:00Z,19,0.01,87.87,0.00,-7.222222222222222,-9.648222222222222,0.245,17.885,71.07255372113457,3.4471816077033024,223.15503275273366,Dec
2023-12-10T20:56:00Z,18,0.02,91.72,0.00,-7.777777777777779,-9.43377777777778,0.49,18.375,70.46393632330069,6.9539118245082925,230.10894457724194,Dec
2023-12-20T02:56:00Z,22,0.03,91.87,0.00,-5.555555555555555,-7.181555555555555,0.735,19.11,73.91972402907676,9.943218939925742,240.05216351716768,Dec
2023-12-20T05:56:00Z,24,0.01,91.94,0.00,-4.444444444444445,-6.056444444444445,0.245,19.355,77.13390634480132,3.1762944677637543,243.22845798493145,Dec
2023-12-22T17:56:00Z,31,0.01,84.92,0.00,-0.5555555555555556,-3.5715555555555554,0.245,19.6,109.27591273040682,2.2420311473804504,245.4704891323119,Dec
2023-12-22T21:56:00Z,30,0.01,88.44,0.00,-1.1111111111111112,-3.4231111111111114,0.245,19.845,101.29193205395168,2.4187513756722923,247.8892405079842,Dec
2023-12-23T00:56:00Z,30,0.01,88.44,0.00,-1.1111111111111112,-3.4231111111111114,0.245,20.09,101.29193205395168,2.4187513756722923,250.30799188365648,Dec
2023-12-23T04:56:00Z,29,0.01,88.38,0.00,-1.6666666666666667,-3.9906666666666677,0.245,20.335,94.84930165206421,2.5830448483293393,252.89103673198582,Dec
2023-12-23T07:56:00Z,27,0.02,84.66,0.00,-2.7777777777777777,-5.845777777777778,0.49,20.825,85.45527463401083,5.733993625303757,258.6250303572896,Dec
2024-01-04T23:56:00Z,20,0.01,87.92,0.00,-6.666666666666667,-9.082666666666666,0.245,21.07,71.82677819786949,3.410984122454585,262.03601447974415,Jan
2024-01-05T00:56:00Z,17,0.01,83.98,0.00,-8.333333333333334,-11.537333333333333,0.245,21.315,69.97281577713434,3.501359739192615,265.5373742189368,Jan
2024-01-05T06:56:00Z,15,0.01,91.61,0.00,-9.444444444444445,-11.122444444444445,0.245,21.56,69.25671080261088,3.5375633228998775,269.0749375418367,Jan
2024-01-06T19:56:00Z,14,0.01,87.59,0.00,-10,-12.482,0.245,21.805,68.9986516155818,3.550794026599097,272.62573156843575,Jan
2024-01-06T22:56:00Z,13,0.01,87.54,0.00,-10.555555555555555,-13.047555555555554,0.245,22.05,68.79041213815636,3.561542842743117,276.18727441117886,Jan
2024-01-07T00:56:00Z,11,0.01,91.45,0.00,-11.666666666666668,-13.376666666666667,0.245,22.294999999999998,68.48677726309246,3.577332877831741,279.7646072890106,Jan
2024-01-07T02:56:00Z,12,0.01,87.48,0.00,-11.11111111111111,-13.61511111111111,0.245,22.54,68.62237440829426,3.5702641028169855,283.3348713918276,Jan
2024-01-07T04:56:00Z,6,0.01,83.19,0.00,-14.444444444444445,-17.806444444444445,0.245,22.785,68.11392380418809,3.5969150845621347,286.93178647638973,Jan
2024-01-07T11:56:00Z,15,0.02,83.84,0.00,-9.444444444444445,-12.676444444444444,0.49,23.275,69.25671080261088,7.075126645799755,294.0069131221895,Jan
2024-01-07T14:56:00Z,17,0.01,80.36,0.00,-8.333333333333334,-12.261333333333333,0.245,23.52,69.97281577713434,3.501359739192615,297.5082728613821,Jan
2024-01-09T04:56:00Z,8,0.01,87.25,0.00,-13.333333333333334,-15.883333333333333,0.245,23.765,68.21781299292387,3.5914373277462515,301.09971018912836,Jan
2024-01-09T05:56:00Z,8,0.01,87.25,0.00,-13.333333333333334,-15.883333333333333,0.245,24.009999999999998,68.21781299292387,3.5914373277462515,304.6911475168746,Jan
2024-01-09T08:56:00Z,11,0.01,83.56,0.00,-11.666666666666668,-14.954666666666668,0.245,24.255,68.48677726309246,3.577332877831741,308.26848039470633,Jan
2024-01-09T09:56:00Z,12,0.01,83.63,0.00,-11.11111111111111,-14.385111111111112,0.245,24.5,68.62237440829426,3.5702641028169855,311.83874449752335,Jan
2024-01-09T12:56:00Z,17,0.01,80.36,0.00,-8.333333333333334,-12.261333333333333,0.245,24.745,69.97281577713434,3.501359739192615,315.34010423671594,Jan
2024-01-10T08:56:00Z,10,0.01,83.49,0.00,-12.222222222222223,-15.524222222222225,0.245,24.99,68.3773578737567,3.5830574274650537,318.923161664181,Jan
2024-01-10T11:56:00Z,14,0.01,76.58,0.00,-10,-14.684000000000001,0.245,25.235,68.9986516155818,3.550794026599097,322.4739556907801,Jan
2024-01-10T14:56:00Z,13,0.01,83.7,0.00,-10.555555555555555,-13.815555555555555,0.245,25.48,68.79041213815636,3.561542842743117,326.0354985335232,Jan
2024-01-10T15:56:00Z,12,0.04,87.48,0.00,-11.11111111111111,-13.61511111111111,0.98,26.46,68.62237440829426,14.281056411267942,340.31655494479116,Jan
2024-01-10T16:56:00Z,12,0.01,87.48,0.00,-11.11111111111111,-13.61511111111111,0.245,26.705,68.62237440829426,3.5702641028169855,343.8868190476081,Jan
2024-01-10T17:56:00Z,12,0.09,83.63,0.00,-11.11111111111111,-14.385111111111112,2.205,28.91,68.62237440829426,32.13237692535287,376.01919597296103,Jan
2024-01-10T18:56:00Z,12,0.1,83.63,0.00,-11.11111111111111,-14.385111111111112,2.45,31.36,68.62237440829426,35.702641028169865,411.7218370011309,Jan
2024-01-10T19:56:00Z,11,0.01,83.56,0.00,-11.666666666666668,-14.954666666666668,0.245,31.605,68.48677726309246,3.577332877831741,415.29916987896263,Jan
2024-01-10T20:56:00Z,10,0.01,79.76,0.00,-12.222222222222223,-16.270222222222223,0.245,31.85,68.3773578737567,3.5830574274650537,418.8822273064277,Jan
2024-01-11T19:56:00Z,7,0.01,87.2,0.00,-13.88888888888889,-16.448888888888888,0.245,32.095,68.16031859795787,3.594466766581992,422.47669407300964,Jan
2024-01-14T21:56:00Z,6,0.01,79.41,0.00,-14.444444444444445,-18.562444444444445,0.245,32.34,68.11392380418809,3.5969150845621347,426.0736091575718,Jan
2024-01-17T03:56:00Z,8,0.01,83.34,0.00,-13.333333333333334,-16.665333333333333,0.245,32.585,68.21781299292387,3.5914373277462515,429.66504648531804,Jan
2024-01-17T04:56:00Z,9,0.02,83.41,0.00,-12.777777777777779,-16.09577777777778,0.49,33.075,68.28906248416871,7.175380392923032,436.8404268782411,Jan
2024-01-17T05:56:00Z,9,0.03,87.31,0.00,-12.777777777777779,-15.315777777777779,0.735,33.81,68.28906248416871,10.763070589384549,447.60349746762563,Jan
2024-01-17T07:56:00Z,10,0.01,87.37,0.00,-12.222222222222223,-14.748222222222221,0.245,34.055,68.3773578737567,3.5830574274650537,451.1865548950907,Jan
2024-01-17T08:56:00Z,11,0.01,87.42,0.00,-11.666666666666668,-14.182666666666668,0.245,34.3,68.48677726309246,3.577332877831741,454.76388777292243,Jan
2024-01-19T11:56:00Z,28,0.01,81.25,0.00,-2.2222222222222223,-5.972222222222222,0.245,34.545,89.65045559050863,2.7328360841697537,457.4967238570922,Jan
2024-01-20T20:56:00Z,30,0.01,88.44,0.00,-1.1111111111111112,-3.4231111111111114,0.245,34.79,101.29193205395168,2.4187513756722923,459.9154752327645,Jan
2024-01-21T06:56:00Z,27,0.01,92.05,0.00,-2.7777777777777777,-4.367777777777778,0.245,35.035,85.45527463401083,2.8669968126518786,462.78247204541634,Jan
2024-01-21T18:56:00Z,30,0.01,84.85,0.00,-1.1111111111111112,-4.141111111111112,0.245,35.28,101.29193205395168,2.4187513756722923,465.2012234210886,Jan
2024-01-22T08:56:00Z,27,0.01,88.28,0.00,-2.7777777777777777,-5.121777777777778,0.245,35.525,85.45527463401083,2.8669968126518786,468.06822023374053,Jan
2024-01-23T10:56:00Z,25,0.01,84.53,0.00,-3.8888888888888893,-6.982888888888889,0.245,35.77,79.33826329041156,3.088043395948768,471.1562636296893,Jan
2024-01-23T17:56:00Z,27,0.02,92.05,0.00,-2.7777777777777777,-4.367777777777778,0.49,36.26,85.45527463401083,5.733993625303757,476.89025725499306,Jan
2024-01-23T18:56:00Z,26,0.04,95.93,0.00,-3.3333333333333335,-4.147333333333332,0.98,37.24,82.06999585303159,11.941026556830266,488.8312838118233,Jan
2024-01-23T20:56:00Z,26,0.01,92.01,0.00,-3.3333333333333335,-4.931333333333333,0.245,37.485,82.06999585303159,2.9852566392075666,491.8165404510309,Jan
2024-01-23T23:56:00Z,24,0.01,91.94,0.00,-4.444444444444445,-6.056444444444445,0.245,37.73,77.13390634480132,3.1762944677637543,494.99283491879464,Jan
2024-01-27T23:56:00Z,24,0.01,95.89,0.00,-4.444444444444445,-5.266444444444445,0.245,37.975,77.13390634480132,3.1762944677637543,498.1691293865584,Jan
2024-02-02T20:56:00Z,31,0.01,92.19,0.00,-0.5555555555555556,-2.117555555555556,0.245,38.22,109.27591273040682,2.2420311473804504,500.4111605339388,Feb
2024-02-02T21:56:00Z,30,0.01,88.44,0.00,-1.1111111111111112,-3.4231111111111114,0.245,38.465,101.29193205395168,2.4187513756722923,502.82991190961116,Feb
2024-02-02T22:56:00Z,28,0.02,92.08,0.00,-2.2222222222222223,-3.806222222222223,0.49,38.955,89.65045559050863,5.465672168339507,508.29558407795065,Feb
2024-02-02T23:56:00Z,27,0.02,95.95,0.00,-2.7777777777777777,-3.5877777777777773,0.49,39.445,85.45527463401083,5.733993625303757,514.0295777032544,Feb
2024-02-03T00:56:00Z,28,0.01,92.08,0.00,-2.2222222222222223,-3.806222222222223,0.245,39.69,89.65045559050863,2.7328360841697537,516.7624137874242,Feb
2024-02-03T04:56:00Z,26,0.02,92.01,0.00,-3.3333333333333335,-4.931333333333333,0.49,40.18,82.06999585303159,5.970513278415133,522.7329270658392,Feb
2024-02-03T05:56:00Z,26,0.01,92.01,0.00,-3.3333333333333335,-4.931333333333333,0.245,40.425,82.06999585303159,2.9852566392075666,525.7181837050468,Feb
2024-02-03T06:56:00Z,26,0.03,92.01,0.00,-3.3333333333333335,-4.931333333333333,0.735,41.16,82.06999585303159,8.9557699176227,534.6739536226695,Feb
2024-02-03T07:56:00Z,26,0.04,92.01,0.00,-3.3333333333333335,-4.931333333333333,0.98,42.14,82.06999585303159,11.941026556830266,546.6149801794999,Feb
2024-02-03T08:56:00Z,26,0.04,88.23,0.00,-3.3333333333333335,-5.687333333333333,0.98,43.12,82.06999585303159,11.941026556830266,558.5560067363301,Feb
2024-02-03T09:56:00Z,26,0.04,88.23,0.00,-3.3333333333333335,-5.687333333333333,0.98,44.1,82.06999585303159,11.941026556830266,570.4970332931604,Feb
2024-02-03T15:56:00Z,28,0.01,81.25,0.00,-2.2222222222222223,-5.972222222222222,0.245,44.345,89.65045559050863,2.7328360841697537,573.2298693773301,Feb
2024-02-03T19:56:00Z,24,0.01,88.13,0.00,-4.444444444444445,-6.818444444444445,0.245,44.589999999999996,77.13390634480132,3.1762944677637543,576.4061638450938,Feb
2024-02-03T20:56:00Z,23,0.02,95.88,0.00,-5,-5.824000000000001,0.49,45.08,75.35511232588772,6.5025448821693805,582.9087087272633,Feb
2024-02-03T21:56:00Z,23,0.02,91.9,0.00,-5,-6.619999999999999,0.49,45.57,75.35511232588772,6.5025448821693805,589.4112536094326,Feb
2024-02-03T22:56:00Z,23,0.02,91.9,0.00,-5,-6.619999999999999,0.49,46.06,75.35511232588772,6.5025448821693805,595.913798491602,Feb
2024-02-03T23:56:00Z,23,0.02,91.9,0.00,-5,-6.619999999999999,0.49,46.55,75.35511232588772,6.5025448821693805,602.4163433737714,Feb
2024-02-04T00:56:00Z,22,0.01,91.87,0.00,-5.555555555555555,-7.181555555555555,0.245,46.795,73.91972402907676,3.314406313308581,605.73074968708,Feb
2024-02-04T01:56:00Z,22,0.03,91.87,0.00,-5.555555555555555,-7.181555555555555,0.735,47.53,73.91972402907676,9.943218939925742,615.6739686270057,Feb
2024-02-04T02:56:00Z,22,0.01,88.02,0.00,-5.555555555555555,-7.951555555555556,0.245,47.775,73.91972402907676,3.314406313308581,618.9883749403143,Feb
2024-02-04T03:56:00Z,20,0.01,91.79,0.00,-6.666666666666667,-8.308666666666666,0.245,48.02,71.82677819786949,3.410984122454585,622.3993590627689,Feb
2024-02-04T04:56:00Z,20,0.02,87.92,0.00,-6.666666666666667,-9.082666666666666,0.49,48.51,71.82677819786949,6.82196824490917,629.221327307678,Feb
2024-02-04T05:56:00Z,20,0.02,87.92,0.00,-6.666666666666667,-9.082666666666666,0.49,49,71.82677819786949,6.82196824490917,636.0432955525872,Feb
2024-02-04T06:56:00Z,20,0.02,91.79,0.00,-6.666666666666667,-8.308666666666666,0.49,49.49,71.82677819786949,6.82196824490917,642.8652637974964,Feb
2024-02-04T07:56:00Z,20,0.02,87.92,0.00,-6.666666666666667,-9.082666666666666,0.49,49.98,71.82677819786949,6.82196824490917,649.6872320424055,Feb
2024-02-04T08:56:00Z,21,0.03,87.97,0.00,-6.111111111111112,-8.517111111111111,0.735,50.714999999999996,72.76144513859558,10.101503599880077,659.7887356422856,Feb
2024-02-04T09:56:00Z,21,0.02,91.83,0.00,-6.111111111111112,-7.745111111111112,0.49,51.205,72.76144513859558,6.734335733253385,666.523071375539,Feb
2024-02-05T04:56:00Z,15,0.02,87.65,0.00,-9.444444444444445,-11.914444444444444,0.49,51.695,69.25671080261088,7.075126645799755,673.5981980213388,Feb
2024-02-05T06:56:00Z,17,0.02,91.68,0.00,-8.333333333333334,-9.997333333333332,0.49,52.185,69.97281577713434,7.00271947838523,680.600917499724,Feb
2024-02-05T07:56:00Z,17,0.01,91.68,0.00,-8.333333333333334,-9.997333333333332,0.245,52.43,69.97281577713434,3.501359739192615,684.1022772389166,Feb
2024-02-05T08:56:00Z,21,0.02,95.84,0.00,-6.111111111111112,-6.943111111111111,0.49,52.92,72.76144513859558,6.734335733253385,690.83661297217,Feb
2024-02-05T09:56:00Z,23,0.02,91.9,0.00,-5,-6.619999999999999,0.49,53.41,75.35511232588772,6.5025448821693805,697.3391578543394,Feb
2024-02-05T10:56:00Z,22,0.01,91.87,0.00,-5.555555555555555,-7.181555555555555,0.245,53.655,73.91972402907676,3.314406313308581,700.6535641676479,Feb
2024-02-05T11:56:00Z,24,0.01,88.13,0.00,-4.444444444444445,-6.818444444444445,0.245,53.9,77.13390634480132,3.1762944677637543,703.8298586354117,Feb
2024-02-05T12:56:00Z,27,0.01,88.28,0.00,-2.7777777777777777,-5.121777777777778,0.245,54.144999999999996,85.45527463401083,2.8669968126518786,706.6968554480636,Feb
2024-02-05T13:56:00Z,29,0.01,88.38,0.00,-1.6666666666666667,-3.9906666666666677,0.245,54.39,94.84930165206421,2.5830448483293393,709.279900296393,Feb
2024-02-05T15:56:00Z,30,0.01,88.44,0.00,-1.1111111111111112,-3.4231111111111114,0.245,54.635,101.29193205395168,2.4187513756722923,711.6986516720652,Feb
2024-02-05T23:56:00Z,23,0.01,91.9,0.00,-5,-6.619999999999999,0.245,54.88,75.35511232588772,3.2512724410846903,714.9499241131499,Feb
2024-02-06T01:56:00Z,23,0.01,95.88,0.00,-5,-5.824000000000001,0.245,55.125,75.35511232588772,3.2512724410846903,718.2011965542346,Feb
2024-02-06T08:56:00Z,25,0.02,91.97,0.00,-3.8888888888888893,-5.494888888888889,0.49,55.615,79.33826329041156,6.176086791897536,724.3772833461321,Feb
2024-02-06T09:56:00Z,27,0.01,92.05,0.00,-2.7777777777777777,-4.367777777777778,0.245,55.86,85.45527463401083,2.8669968126518786,727.244280158784,Feb
2024-02-06T10:56:00Z,29,0.01,92.12,0.00,-1.6666666666666667,-3.2426666666666657,0.245,56.105,94.84930165206421,2.5830448483293393,729.8273250071134,Feb
2024-02-06T11:56:00Z,29,0.02,92.12,0.00,-1.6666666666666667,-3.2426666666666657,0.49,56.595,94.84930165206421,5.166089696658679,734.993414703772,Feb
2024-02-06T22:56:00Z,29,0.02,92.12,0.00,-1.6666666666666667,-3.2426666666666657,0.49,57.085,94.84930165206421,5.166089696658679,740.1595044004307,Feb
2024-02-06T23:56:00Z,28,0.03,95.97,0.00,-2.2222222222222223,-3.0282222222222224,0.735,57.82,89.65045559050863,8.19850825250926,748.3580126529399,Feb
2024-02-07T00:56:00Z,28,0.01,95.97,0.00,-2.2222222222222223,-3.0282222222222224,0.245,58.065,89.65045559050863,2.7328360841697537,751.0908487371097,Feb
2024-02-07T01:56:00Z,28,0.02,95.97,0.00,-2.2222222222222223,-3.0282222222222224,0.49,58.555,89.65045559050863,5.465672168339507,756.5565209054492,Feb
2024-02-07T04:56:00Z,27,0.01,95.95,0.00,-2.7777777777777777,-3.5877777777777773,0.245,58.8,85.45527463401083,2.8669968126518786,759.4235177181012,Feb
2024-02-07T05:56:00Z,28,0.05,92.08,0.00,-2.2222222222222223,-3.806222222222223,1.225,60.025,89.65045559050863,13.66418042084877,773.0876981389499,Feb
2024-02-08T09:56:00Z,19,0.01,87.87,0.00,-7.222222222222222,-9.648222222222222,0.245,60.269999999999996,71.07255372113457,3.4471816077033024,776.5348797466531,Feb
2024-02-09T02:56:00Z,15,0.01,91.61,0.00,-9.444444444444445,-11.122444444444445,0.245,60.515,69.25671080261088,3.5375633228998775,780.0724430695531,Feb
2024-02-09T04:56:00Z,13,0.01,83.7,0.00,-10.555555555555555,-13.815555555555555,0.245,60.76,68.79041213815636,3.561542842743117,783.6339859122962,Feb
2024-02-09T11:56:00Z,18,0.01,84.05,0.00,-7.777777777777779,-10.96777777777778,0.245,61.005,70.46393632330069,3.4769559122541462,787.1109418245503,Feb
2024-02-09T16:56:00Z,18,0.01,84.05,0.00,-7.777777777777779,-10.96777777777778,0.245,61.25,70.46393632330069,3.4769559122541462,790.5878977368045,Feb
2024-02-11T20:56:00Z,19,0.01,84.12,0.00,-7.222222222222222,-10.398222222222222,0.245,61.495,71.07255372113457,3.4471816077033024,794.0350793445077,Feb
2024-02-11T21:56:00Z,18,0.01,80.44,0.00,-7.777777777777779,-11.68977777777778,0.245,61.74,70.46393632330069,3.4769559122541462,797.5120352567619,Feb
2024-02-12T22:56:00Z,18,0.03,87.81,0.00,-7.777777777777779,-10.215777777777777,0.735,62.475,70.46393632330069,10.430867736762437,807.9429029935244,Feb
2024-02-12T23:56:00Z,18,0.03,87.81,0.00,-7.777777777777779,-10.215777777777777,0.735,63.21,70.46393632330069,10.430867736762437,818.3737707302868,Feb
2024-02-14T21:56:00Z,18,0.04,91.72,0.00,-7.777777777777779,-9.43377777777778,0.98,64.19,70.46393632330069,13.907823649016585,832.2815943793033,Feb
2024-02-14T22:56:00Z,19,0.03,87.87,0.00,-7.222222222222222,-9.648222222222222,0.735,64.925,71.07255372113457,10.341544823109908,842.6231392024133,Feb
2024-02-14T23:56:00Z,19,0.03,87.87,0.00,-7.222222222222222,-9.648222222222222,0.735,65.66,71.07255372113457,10.341544823109908,852.9646840255232,Feb
2024-02-15T00:56:00Z,19,0.05,87.87,0.00,-7.222222222222222,-9.648222222222222,1.225,66.885,71.07255372113457,17.235908038516513,870.2005920640397,Feb
2024-02-15T01:56:00Z,19,0.03,87.87,0.00,-7.222222222222222,-9.648222222222222,0.735,67.62,71.07255372113457,10.341544823109908,880.5421368871496,Feb
2024-02-15T02:56:00Z,19,0.03,87.87,0.00,-7.222222222222222,-9.648222222222222,0.735,68.355,71.07255372113457,10.341544823109908,890.8836817102596,Feb
2024-02-15T03:56:00Z,19,0.02,91.76,0.00,-7.222222222222222,-8.870222222222221,0.49,68.845,71.07255372113457,6.894363215406605,897.7780449256661,Feb
2024-02-15T04:56:00Z,19,0.01,91.76,0.00,-7.222222222222222,-8.870222222222221,0.245,69.09,71.07255372113457,3.4471816077033024,901.2252265333694,Feb
2024-02-15T05:56:00Z,20,0.03,87.92,0.00,-6.666666666666667,-9.082666666666666,0.735,69.825,71.82677819786949,10.232952367363756,911.4581789007332,Feb
2024-02-15T06:56:00Z,20,0.01,87.92,0.00,-6.666666666666667,-9.082666666666666,0.245,70.07,71.82677819786949,3.410984122454585,914.8691630231878,Feb
2024-02-16T01:56:00Z,20,0.01,91.79,0.00,-6.666666666666667,-8.308666666666666,0.245,70.315,71.82677819786949,3.410984122454585,918.2801471456423,Feb
2024-02-16T07:56:00Z,16,0.02,87.7,0.00,-8.88888888888889,-11.348888888888888,0.49,70.80499999999999,69.57650868547844,7.042606897897848,925.3227540435402,Feb
2024-02-18T12:56:00Z,13,0.01,80.02,0.00,-10.555555555555555,-14.551555555555556,0.245,71.05,68.79041213815636,3.561542842743117,928.8842968862833,Feb
2024-02-18T13:56:00Z,14,0.01,83.77,0.00,-10,-13.246,0.245,71.295,68.9986516155818,3.550794026599097,932.4350909128824,Feb
2024-02-18T14:56:00Z,16,0.01,83.91,0.00,-8.88888888888889,-12.10688888888889,0.245,71.54,69.57650868547844,3.521303448948924,935.9563943618314,Feb
2024-02-18T19:56:00Z,22,0.01,84.33,0.00,-5.555555555555555,-8.689555555555556,0.245,71.785,73.91972402907676,3.314406313308581,939.2708006751399,Feb
2024-02-20T22:56:00Z,24,0.01,88.13,0.00,-4.444444444444445,-6.818444444444445,0.245,72.03,77.13390634480132,3.1762944677637543,942.4470951429037,Feb
2024-02-26T21:56:00Z,17,0.02,91.68,0.00,-8.333333333333334,-9.997333333333332,0.49,72.52,69.97281577713434,7.00271947838523,949.4498146212889,Feb
2024-02-27T02:56:00Z,10,0.01,83.49,0.00,-12.222222222222223,-15.524222222222225,0.245,72.765,68.3773578737567,3.5830574274650537,953.0328720487539,Feb
2024-02-27T08:56:00Z,4,0.1,83.04,0.00,-15.555555555555557,-18.947555555555557,2.45,75.215,68.04627535642943,36.004909705443694,989.0377817541977,Feb
2024-02-27T09:56:00Z,7,0.12,75.88,0.00,-13.88888888888889,-18.71288888888889,2.94,78.155,68.16031859795787,43.1336011989839,1032.1713829531816,Feb
2024-02-27T23:56:00Z,-5,0.02,78.39,0.00,-20.555555555555557,-24.877555555555556,0.49,78.645,67.93831944310331,7.212424505295028,1039.3838074584767,Feb
2024-02-28T09:56:00Z,16,0.05,80.27,0.00,-8.88888888888889,-12.83488888888889,1.225,79.87,69.57650868547844,17.60651724474462,1056.9903247032212,Feb
2024-02-29T22:56:00Z,27,0.11,92.05,0.00,-2.7777777777777777,-4.367777777777778,2.695,82.565,85.45527463401083,31.536964939170666,1088.527289642392,Feb
2024-03-01T16:56:00Z,24,0.02,88.13,0.00,-4.444444444444445,-6.818444444444445,0.49,83.05499999999999,77.13390634480132,6.352588935527509,1094.8798785779193,Mar
2024-03-01T17:56:00Z,23,0.02,88.08,0.00,-5,-7.384,0.49,83.545,75.35511232588772,6.5025448821693805,1101.3824234600888,Mar
2024-03-01T18:56:00Z,22,0.03,91.87,0.00,-5.555555555555555,-7.181555555555555,0.735,84.28,73.91972402907676,9.943218939925742,1111.3256424000144,Mar
2024-03-01T19:56:00Z,22,0.03,95.86,0.00,-5.555555555555555,-6.383555555555556,0.735,85.015,73.91972402907676,9.943218939925742,1121.2688613399403,Mar
2024-03-01T20:56:00Z,23,0.03,88.08,0.00,-5,-7.384,0.735,85.75,75.35511232588772,9.75381732325407,1131.0226786631943,Mar
2024-03-01T21:56:00Z,23,0.04,91.9,0.00,-5,-6.619999999999999,0.98,86.73,75.35511232588772,13.005089764338761,1144.0277684275331,Mar
2024-03-01T22:56:00Z,23,0.03,91.9,0.00,-5,-6.619999999999999,0.735,87.465,75.35511232588772,9.75381732325407,1153.7815857507871,Mar
2024-03-01T23:56:00Z,23,0.03,91.9,0.00,-5,-6.619999999999999,0.735,88.2,75.35511232588772,9.75381732325407,1163.5354030740411,Mar
2024-03-02T01:56:00Z,23,0.02,91.9,0.00,-5,-6.619999999999999,0.49,88.69,75.35511232588772,6.5025448821693805,1170.0379479562107,Mar
2024-03-02T02:56:00Z,23,0.04,91.9,0.00,-5,-6.619999999999999,0.98,89.67,75.35511232588772,13.005089764338761,1183.0430377205494,Mar
2024-03-02T03:56:00Z,23,0.02,91.9,0.00,-5,-6.619999999999999,0.49,90.16,75.35511232588772,6.5025448821693805,1189.5455826027187,Mar
2024-03-02T04:56:00Z,23,0.06,91.9,0.00,-5,-6.619999999999999,1.47,91.63,75.35511232588772,19.50763464650814,1209.053217249227,Mar
2024-03-02T05:56:00Z,23,0.02,91.9,0.00,-5,-6.619999999999999,0.49,92.12,75.35511232588772,6.5025448821693805,1215.5557621313962,Mar
2024-03-02T07:56:00Z,23,0.07,95.88,0.00,-5,-5.824000000000001,1.715,93.835,75.35511232588772,22.758907087592835,1238.3146692189891,Mar
2024-03-02T08:56:00Z,25,0.02,88.18,0.00,-3.8888888888888893,-6.252888888888888,0.49,94.325,79.33826329041156,6.176086791897536,1244.4907560108866,Mar
2024-03-02T09:56:00Z,26,0.14,92.01,0.00,-3.3333333333333335,-4.931333333333333,3.43,97.755,82.06999585303159,41.79359294890594,1286.2843489597926,Mar
2024-03-02T13:56:00Z,26,0.02,88.23,0.00,-3.3333333333333335,-5.687333333333333,0.49,98.245,82.06999585303159,5.970513278415133,1292.2548622382078,Mar
2024-03-04T00:56:00Z,5,0.01,87.08,0.00,-15,-17.584,0.245,98.49,68.07648577409465,3.5988931745538277,1295.8537554127615,Mar
2024-03-04T01:56:00Z,6,0.02,83.19,0.00,-14.444444444444445,-17.806444444444445,0.49,98.98,68.11392380418809,7.193830169124269,1303.0475855818859,Mar
2024-03-04T06:56:00Z,0,0.01,78.86,0.00,-17.77777777777778,-22.00577777777778,0.245,99.225,67.97354187365981,3.6043435908544157,1306.6519291727402,Mar
2024-03-04T09:56:00Z,11,0.02,76.28,0.00,-11.666666666666668,-16.410666666666668,0.49,99.715,68.48677726309246,7.154665755663482,1313.8065949284037,Mar
2024-03-04T14:56:00Z,15,0.01,80.19,0.00,-9.444444444444445,-13.406444444444446,0.245,99.96,69.25671080261088,3.5375633228998775,1317.3441582513035,Mar
2024-03-05T06:56:00Z,9,0.01,83.41,0.00,-12.777777777777779,-16.09577777777778,0.245,100.205,68.28906248416871,3.587690196461516,1320.931848447765,Mar
2024-03-05T07:56:00Z,10,0.01,79.76,0.00,-12.222222222222223,-16.270222222222223,0.245,100.45,68.3773578737567,3.5830574274650537,1324.5149058752302,Mar
2024-03-05T09:56:00Z,13,0.02,80.02,0.00,-10.555555555555555,-14.551555555555556,0.49,100.94,68.79041213815636,7.123085685486234,1331.6379915607163,Mar
2024-03-06T00:56:00Z,23,0.09,91.9,0.00,-5,-6.619999999999999,2.205,103.145,75.35511232588772,29.261451969762216,1360.8994435304785,Mar
2024-03-06T08:56:00Z,15,0.01,87.65,0.00,-9.444444444444445,-11.914444444444444,0.245,103.39,69.25671080261088,3.5375633228998775,1364.4370068533785,Mar
2024-03-07T02:56:00Z,13,0.01,91.53,0.00,-10.555555555555555,-12.249555555555554,0.245,103.635,68.79041213815636,3.561542842743117,1367.9985496961215,Mar
2024-03-07T08:56:00Z,14,0.02,87.59,0.00,-10,-12.482,0.49,104.125,68.9986516155818,7.101588053198194,1375.1001377493199,Mar
2024-03-12T04:56:00Z,26,0.01,88.23,0.00,-3.3333333333333335,-5.687333333333333,0.245,104.37,82.06999585303159,2.9852566392075666,1378.0853943885274,Mar
2024-03-12T06:56:00Z,26,0.01,88.23,0.00,-3.3333333333333335,-5.687333333333333,0.245,104.615,82.06999585303159,2.9852566392075666,1381.0706510277348,Mar
2024-03-12T08:56:00Z,25,0.01,91.97,0.00,-3.8888888888888893,-5.494888888888889,0.245,104.86,79.33826329041156,3.088043395948768,1384.1586944236838,Mar
2024-03-12T23:56:00Z,24,0.04,91.94,0.00,-4.444444444444445,-6.056444444444445,0.98,105.84,77.13390634480132,12.705177871055017,1396.8638722947387,Mar
2024-03-13T00:56:00Z,24,0.02,84.46,0.00,-4.444444444444445,-7.552444444444446,0.49,106.33,77.13390634480132,6.352588935527509,1403.2164612302663,Mar
2024-03-23T11:56:00Z,29,0.01,92.12,0.00,-1.6666666666666667,-3.2426666666666657,0.245,106.575,94.84930165206421,2.5830448483293393,1405.7995060785956,Mar
2024-03-24T02:56:00Z,27,0.02,88.28,0.00,-2.7777777777777777,-5.121777777777778,0.49,107.065,85.45527463401083,5.733993625303757,1411.5334997038992,Mar
2024-03-24T03:56:00Z,26,0.01,88.23,0.00,-3.3333333333333335,-5.687333333333333,0.245,107.31,82.06999585303159,2.9852566392075666,1414.5187563431068,Mar
2024-03-24T05:56:00Z,24,0.01,88.13,0.00,-4.444444444444445,-6.818444444444445,0.245,107.55499999999999,77.13390634480132,3.1762944677637543,1417.6950508108707,Mar
2024-03-24T06:56:00Z,23,0.02,91.9,0.00,-5,-6.619999999999999,0.49,108.045,75.35511232588772,6.5025448821693805,1424.19759569304,Mar
2024-03-24T07:56:00Z,24,0.01,91.94,0.00,-4.444444444444445,-6.056444444444445,0.245,108.29,77.13390634480132,3.1762944677637543,1427.3738901608037,Mar
2024-03-24T08:56:00Z,25,0.01,88.18,0.00,-3.8888888888888893,-6.252888888888888,0.245,108.535,79.33826329041156,3.088043395948768,1430.4619335567525,Mar
2024-03-28T03:56:00Z,25,0.01,91.97,0.00,-3.8888888888888893,-5.494888888888889,0.245,108.78,79.33826329041156,3.088043395948768,1433.5499769527014,Mar
2024-03-28T07:56:00Z,26,0.04,92.01,0.00,-3.3333333333333335,-4.931333333333333,0.98,109.76,82.06999585303159,11.941026556830266,1445.4910035095315,Mar
2024-03-28T08:56:00Z,27,0.01,88.28,0.00,-2.7777777777777777,-5.121777777777778,0.245,110.005,85.45527463401083,2.8669968126518786,1448.3580003221834,Mar
2024-03-28T09:56:00Z,28,0.05,92.08,0.00,-2.2222222222222223,-3.806222222222223,1.225,111.23,89.65045559050863,13.66418042084877,1462.022180743032,Mar
2024-03-28T18:56:00Z,25,0.01,84.53,0.00,-3.8888888888888893,-6.982888888888889,0.245,111.475,79.33826329041156,3.088043395948768,1465.110224138981,Mar
2024-03-28T19:56:00Z,24,0.07,95.89,0.00,-4.444444444444445,-5.266444444444445,1.715,113.19,77.13390634480132,22.234061274346285,1487.3442854133273,Mar
2024-03-28T20:56:00Z,24,0.1,91.94,0.00,-4.444444444444445,-6.056444444444445,2.45,115.64,77.13390634480132,31.762944677637552,1519.1072300909648,Mar
2024-03-28T21:56:00Z,24,0.03,88.13,0.00,-4.444444444444445,-6.818444444444445,0.735,116.375,77.13390634480132,9.528883403291264,1528.636113494256,Mar
2024-03-29T00:56:00Z,22,0.01,88.02,0.00,-5.555555555555555,-7.951555555555556,0.245,116.62,73.91972402907676,3.314406313308581,1531.9505198075647,Mar
2024-03-29T02:56:00Z,22,0.02,91.87,0.00,-5.555555555555555,-7.181555555555555,0.49,117.11,73.91972402907676,6.628812626617162,1538.5793324341819,Mar
2024-03-29T04:56:00Z,20,0.01,87.92,0.00,-6.666666666666667,-9.082666666666666,0.245,117.355,71.82677819786949,3.410984122454585,1541.9903165566363,Mar
2024-03-31T05:56:00Z,25,0.02,91.97,0.00,-3.8888888888888893,-5.494888888888889,0.49,117.845,79.33826329041156,6.176086791897536,1548.166403348534,Mar
2024-03-31T06:56:00Z,24,0.02,91.94,0.00,-4.444444444444445,-6.056444444444445,0.49,118.335,77.13390634480132,6.352588935527509,1554.5189922840614,Mar
2024-03-31T07:56:00Z,25,0.06,95.91,0.00,-3.8888888888888893,-4.70688888888889,1.47,119.805,79.33826329041156,18.528260375692607,1573.0472526597541,Mar
2024-03-31T08:56:00Z,27,0.02,92.05,0.00,-2.7777777777777777,-4.367777777777778,0.49,120.295,85.45527463401083,5.733993625303757,1578.7812462850577,Mar
2024-03-31T09:56:00Z,28,0.03,92.08,0.00,-2.2222222222222223,-3.806222222222223,0.735,121.03,89.65045559050863,8.19850825250926,1586.979754537567,Mar
2024-03-31T10:56:00Z,30,0.01,88.44,0.00,-1.1111111111111112,-3.4231111111111114,0.245,121.275,101.29193205395168,2.4187513756722923,1589.3985059132394,Mar
2024-03-31T11:56:00Z,30,0.01,92.15,0.00,-1.1111111111111112,-2.68111111111111,0.245,121.52,101.29193205395168,2.4187513756722923,1591.8172572889116,Mar
2024-04-05T19:56:00Z,28,0.02,84.72,0.00,-2.2222222222222223,-5.278222222222222,0.49,122.01,89.65045559050863,5.465672168339507,1597.2829294572512,Apr
2024-04-05T23:56:00Z,24,0.03,91.94,0.00,-4.444444444444445,-6.056444444444445,0.735,122.745,77.13390634480132,9.528883403291264,1606.8118128605424,Apr
2024-04-06T00:56:00Z,24,0.01,88.13,0.00,-4.444444444444445,-6.818444444444445,0.245,122.99,77.13390634480132,3.1762944677637543,1609.9881073283061,Apr
2024-04-07T19:56:00Z,25,0.01,81.01,0.00,-3.8888888888888893,-7.686888888888888,0.245,123.235,79.33826329041156,3.088043395948768,1613.076150724255,Apr
2024-04-07T20:56:00Z,24,0.04,88.13,0.00,-4.444444444444445,-6.818444444444445,0.98,124.215,77.13390634480132,12.705177871055017,1625.78132859531,Apr
2024-04-07T22:56:00Z,23,0.01,91.9,0.00,-5,-6.619999999999999,0.245,124.46,75.35511232588772,3.2512724410846903,1629.0326010363947,Apr
2024-04-07T23:56:00Z,22,0.01,91.87,0.00,-5.555555555555555,-7.181555555555555,0.245,124.705,73.91972402907676,3.314406313308581,1632.3470073497033,Apr
2024-04-09T07:56:00Z,22,0.01,91.87,0.00,-5.555555555555555,-7.181555555555555,0.245,124.95,73.91972402907676,3.314406313308581,1635.661413663012,Apr
2024-04-09T08:56:00Z,25,0.01,88.18,0.00,-3.8888888888888893,-6.252888888888888,0.245,125.195,79.33826329041156,3.088043395948768,1638.7494570589606,Apr
2024-04-09T21:56:00Z,30,0.01,84.85,0.00,-1.1111111111111112,-4.141111111111112,0.245,125.44,101.29193205395168,2.4187513756722923,1641.1682084346328,Apr
2024-04-30T01:56:00Z,25,0.01,84.53,0.00,-3.8888888888888893,-6.982888888888889,0.245,125.685,79.33826329041156,3.088043395948768,1644.2562518305817,Apr
2024-04-30T06:56:00Z,20,0.01,84.19,0.00,-6.666666666666667,-9.828666666666667,0.245,125.92999999999999,71.82677819786949,3.410984122454585,1647.6672359530362,Apr
2024-04-30T22:56:00Z,26,0.03,92.01,0.00,-3.3333333333333335,-4.931333333333333,0.735,126.665,82.06999585303159,8.9557699176227,1656.623005870659,Apr
2024-04-30T23:56:00Z,26,0.02,92.01,0.00,-3.3333333333333335,-4.931333333333333,0.49,127.155,82.06999585303159,5.970513278415133,1662.5935191490742,Apr
2024-05-01T03:56:00Z,24,0.05,91.94,0.00,-4.444444444444445,-6.056444444444445,1.225,128.38,77.13390634480132,15.881472338818776,1678.4749914878928,May
2024-05-01T11:56:00Z,21,0.01,80.69,0.00,-6.111111111111112,-9.973111111111113,0.245,128.625,72.76144513859558,3.3671678666266924,1681.8421593545195,May
2024-05-01T17:56:00Z,23,0.03,80.85,0.00,-5,-8.830000000000002,0.735,129.36,75.35511232588772,9.75381732325407,1691.5959766777737,May
2024-05-06T07:56:00Z,28,0.01,92.08,0.00,-2.2222222222222223,-3.806222222222223,0.245,129.605,89.65045559050863,2.7328360841697537,1694.3288127619433,May
2024-05-08T06:56:00Z,25,0.01,88.18,0.00,-3.8888888888888893,-6.252888888888888,0.245,129.85,79.33826329041156,3.088043395948768,1697.4168561578922,May
2024-06-18T04:56:00Z,29,0.01,88.38,0.00,-1.6666666666666667,-3.9906666666666677,0.245,130.095,94.84930165206421,2.5830448483293393,1699.9999010062215,Jun
